"","D4_Feces_515F_806R_01","D4_Feces_515F_806R_02","D4_Feces_515F_806R_03","D4_Feces_515F_806R_04","D4_Feces_tr515F_806R_01","D4_Feces_tr515F_806R_02","D4_Feces_tr515F_806R_03","D4_Feces_tr515F_806R_04","D4_Feces_V1-tr515F_806R_01","D4_Feces_V1-tr515F_806R_02","D4_Feces_V1-tr515F_806R_03","D4_Feces_V1-tr515F_806R_04","D4_Feces_V2-tr515F_806R_01","D4_Feces_V2-tr515F_806R_02","D4_Feces_V2-tr515F_806R_03","D4_Feces_V2-tr515F_806R_04","D4_Feces_V3-tr515F_806R_01","D4_Feces_V3-tr515F_806R_02","D4_Feces_V3-tr515F_806R_03","D4_Feces_V3-tr515F_806R_04","D4_Feces_V4-tr515F_806R_01","D4_Feces_V4-tr515F_806R_02","D4_Feces_V4-tr515F_806R_03","D4_Feces_V4-tr515F_806R_04","D4_Feces_V5-tr515F_806R_01","D4_Feces_V5-tr515F_806R_02","D4_Feces_V5-tr515F_806R_03","D4_Feces_V5-tr515F_806R_04","D4_Feces_V6-tr515F_806R_01","D4_Feces_V6-tr515F_806R_02","D4_Feces_V6-tr515F_806R_03","D4_Feces_V6-tr515F_806R_04","D4_Feces_V7-tr515F_806R_01","D4_Feces_V7-tr515F_806R_02","D4_Feces_V7-tr515F_806R_03","D4_Feces_V7-tr515F_806R_04","D4_Feces_V8-tr515F_806R_01","D4_Feces_V8-tr515F_806R_02","D4_Feces_V8-tr515F_806R_03","D4_Feces_V8-tr515F_806R_04","D6_Skin_515F_806R_01","D6_Skin_515F_806R_02","D6_Skin_515F_806R_03","D6_Skin_515F_806R_04","D6_Skin_tr515F_806R_01","D6_Skin_tr515F_806R_02","D6_Skin_tr515F_806R_03","D6_Skin_tr515F_806R_04","D6_Skin_V1-tr515F_806R_01","D6_Skin_V1-tr515F_806R_02","D6_Skin_V1-tr515F_806R_03","D6_Skin_V1-tr515F_806R_04","D6_Skin_V2-tr515F_806R_01","D6_Skin_V2-tr515F_806R_02","D6_Skin_V2-tr515F_806R_03","D6_Skin_V2-tr515F_806R_04","D6_Skin_V3-tr515F_806R_01","D6_Skin_V3-tr515F_806R_02","D6_Skin_V3-tr515F_806R_03","D6_Skin_V4-tr515F_806R_01","D6_Skin_V4-tr515F_806R_02","D6_Skin_V4-tr515F_806R_03","D6_Skin_V4-tr515F_806R_04","D6_Skin_V5-tr515F_806R_01","D6_Skin_V5-tr515F_806R_02","D6_Skin_V5-tr515F_806R_03","D6_Skin_V5-tr515F_806R_04","D6_Skin_V6-tr515F_806R_01","D6_Skin_V6-tr515F_806R_02","D6_Skin_V6-tr515F_806R_03","D6_Skin_V6-tr515F_806R_04","D6_Skin_V7-tr515F_806R_01","D6_Skin_V7-tr515F_806R_02","D6_Skin_V7-tr515F_806R_03","D6_Skin_V7-tr515F_806R_04","D6_Skin_V8-tr515F_806R_01","D6_Skin_V8-tr515F_806R_02","D6_Skin_V8-tr515F_806R_03","D6_Skin_V8-tr515F_806R_04","D7_Soil_515F_806R_01","D7_Soil_515F_806R_02","D7_Soil_515F_806R_03","D7_Soil_515F_806R_04","D7_Soil_tr515F_806R_01","D7_Soil_tr515F_806R_02","D7_Soil_tr515F_806R_03","D7_Soil_tr515F_806R_04","D7_Soil_V1-tr515F_806R_01","D7_Soil_V1-tr515F_806R_02","D7_Soil_V1-tr515F_806R_03","D7_Soil_V1-tr515F_806R_04","D7_Soil_V2-tr515F_806R_01","D7_Soil_V2-tr515F_806R_02","D7_Soil_V2-tr515F_806R_03","D7_Soil_V2-tr515F_806R_04","D7_Soil_V3-tr515F_806R_01","D7_Soil_V3-tr515F_806R_02","D7_Soil_V3-tr515F_806R_03","D7_Soil_V3-tr515F_806R_04","D7_Soil_V4-tr515F_806R_01","D7_Soil_V4-tr515F_806R_02","D7_Soil_V4-tr515F_806R_03","D7_Soil_V5-tr515F_806R_01","D7_Soil_V5-tr515F_806R_02","D7_Soil_V5-tr515F_806R_03","D7_Soil_V5-tr515F_806R_04","D7_Soil_V6-tr515F_806R_01","D7_Soil_V6-tr515F_806R_02","D7_Soil_V6-tr515F_806R_03","D7_Soil_V6-tr515F_806R_04","D7_Soil_V7-tr515F_806R_01","D7_Soil_V7-tr515F_806R_02","D7_Soil_V7-tr515F_806R_03","D7_Soil_V7-tr515F_806R_04","D7_Soil_V8-tr515F_806R_01","D7_Soil_V8-tr515F_806R_02","D7_Soil_V8-tr515F_806R_03","D7_Soil_V8-tr515F_806R_04","D5_Wastewater_515F_806R_01","D5_Wastewater_515F_806R_02","D5_Wastewater_515F_806R_03","D5_Wastewater_515F_806R_04","D5_Wastewater_tr515F_806R_01","D5_Wastewater_tr515F_806R_02","D5_Wastewater_tr515F_806R_03","D5_Wastewater_tr515F_806R_04","D5_Wastewater_V1-tr515F_806R_01","D5_Wastewater_V1-tr515F_806R_02","D5_Wastewater_V1-tr515F_806R_03","D5_Wastewater_V1-tr515F_806R_04","D5_Wastewater_V2-tr515F_806R_01","D5_Wastewater_V2-tr515F_806R_02","D5_Wastewater_V2-tr515F_806R_03","D5_Wastewater_V2-tr515F_806R_04","D5_Wastewater_V3-tr515F_806R_01","D5_Wastewater_V3-tr515F_806R_02","D5_Wastewater_V3-tr515F_806R_04","D5_Wastewater_V4-tr515F_806R_01","D5_Wastewater_V4-tr515F_806R_02","D5_Wastewater_V4-tr515F_806R_03","D5_Wastewater_V4-tr515F_806R_04","D5_Wastewater_V5-tr515F_806R_01","D5_Wastewater_V5-tr515F_806R_02","D5_Wastewater_V5-tr515F_806R_03","D5_Wastewater_V5-tr515F_806R_04","D5_Wastewater_V6-tr515F_806R_02","D5_Wastewater_V6-tr515F_806R_03","D5_Wastewater_V6-tr515F_806R_04","D5_Wastewater_V7-tr515F_806R_01","D5_Wastewater_V7-tr515F_806R_02","D5_Wastewater_V7-tr515F_806R_03","D5_Wastewater_V8-tr515F_806R_01","D5_Wastewater_V8-tr515F_806R_02","D5_Wastewater_V8-tr515F_806R_03","D5_Wastewater_V8-tr515F_806R_04"
"d__Bacteria;p__Firmicutes",107833,106426,109942,107506,102764,103470,103985,104498,108118,109373,106998,106607,112451,112538,112158,111404,99770,100001,100668,98511,112053,111958,111435,109309,101978,102398,103615,104680,132070,132257,131912,131399,105042,105782,106650,107140,101347,102591,101367,99243,176695,178138,175751,176913,177202,174918,175811,174994,191616,188857,193735,193299,176110,176154,175993,175276,189864,188233,187975,178167,174735,177299,176682,172420,175149,175748,174657,174371,173366,174771,181295,174278,171825,173842,173812,173045,172225,171971,172275,4996,5033,5170,5374,5167,4619,4281,4280,2024,2446,2212,2257,4596,4853,4715,5608,1158,1403,1210,1665,4234,4371,4696,5300,5200,4576,4453,2043,2434,2075,1953,5165,4745,4379,4451,3368,2909,3168,3764,25648,25863,25118,25577,25605,25732,25603,25072,21049,24659,22867,22944,25270,25278,24783,24952,23301,23498,24239,24907,25068,25227,25250,25080,25088,25298,25489,31181,31382,31339,25423,26022,26552,21811,22726,22122,22441
"d__Bacteria;p__Actinobacteriota",656,754,665,764,747,784,768,723,420,451,303,544,639,612,623,626,450,491,439,370,666,684,653,700,717,746,748,708,333,279,326,337,769,688,748,743,607,629,673,647,56564,54910,57625,56458,56717,58101,57238,58318,42855,45802,40806,41438,57276,57640,57366,57943,44474,45856,46278,55825,58436,58826,56433,60488,58215,57427,58615,55741,56315,54764,55407,59041,61573,59808,59827,59738,60503,60811,60249,68044,68518,68963,66931,58668,62421,64560,65952,29589,30923,33245,34638,69574,67269,66973,62854,12233,15193,16519,18290,70248,69044,69154,61034,63235,65721,67902,26243,24939,24904,25667,64408,66896,68762,70641,50833,49906,50425,47823,1923,1995,1925,1874,1985,1816,1820,1813,1310,1582,1364,1167,1905,1864,1995,1839,1134,1005,1286,1767,1837,1697,1796,1914,1885,1993,1959,2149,2249,1750,1923,2052,1935,1715,1831,1642,1636
"d__Bacteria;p__Proteobacteria",354,350,337,329,394,407,356,360,271,451,309,194,313,312,286,282,274,209,249,336,329,323,328,307,362,296,381,348,55,69,93,62,278,331,327,318,294,293,327,324,6614,6806,6466,6492,5906,6833,6813,6532,4317,4983,5057,5116,6469,6072,6522,6664,5444,5244,5526,5875,6674,3737,6745,6917,6450,6664,6558,9732,10127,10328,3116,6531,6416,6199,6239,7023,7094,7087,7289,67407,66977,66049,66400,63484,61977,61828,62562,27124,28762,31345,34140,66290,65761,66583,68416,13046,15080,15894,17108,64176,65581,64809,64860,64472,64872,64281,39857,40552,39972,44508,64424,63543,63378,64149,48403,46674,48325,48175,38697,38610,39392,39046,38197,38253,38536,38420,35487,31446,34519,32225,36885,37630,37292,36868,34853,34926,33812,39333,38620,38929,38446,35598,35484,35542,36147,39124,38989,39512,36636,36891,35974,41064,39581,40497,39967
"d__Bacteria;p__Bacteroidota",39224,40462,37262,39282,43610,42955,42548,41941,39642,38330,40338,40560,34589,34610,34989,35611,47526,47262,46781,48796,35086,35112,35676,37653,44402,44042,42960,41957,16051,15929,16307,16962,41589,41041,40078,39633,46024,44986,45781,47923,53,56,53,56,73,54,47,52,1101,35,100,11,37,35,40,32,97,187,60,46,69,35,51,73,86,63,44,62,86,96,15,60,54,50,40,66,26,13,63,15182,14782,14710,15380,16992,15358,14776,14617,6323,5898,5686,6486,15751,16108,16282,18107,3686,3567,3869,4215,15234,15477,15356,18017,16517,15499,15331,2927,3436,3755,4031,16345,15465,14617,14143,15062,15060,14376,15631,26826,26425,26525,26720,27725,27576,27383,27931,28565,27158,28806,29753,29175,28356,29022,29350,33512,33639,33910,26956,27510,27174,27594,30376,30415,30132,29111,19573,19346,18525,28994,27862,28401,27527,27506,27819,27756
"d__Bacteria;__",6,4,0,5,8,6,9,6,22,10,42,150,27,32,31,31,57,38,44,25,3,0,0,0,6,12,4,9,24,17,11,19,21,5,5,32,7,0,4,4,2,3,3,2,0,1,1,2,2,74,136,131,0,1,0,0,3,110,30,0,0,0,0,0,0,0,2,7,1,4,30,0,2,0,8,3,3,8,15,916,1174,1055,1057,979,898,825,901,2196,2370,2971,2542,857,856,928,946,723,647,611,533,749,906,914,882,930,862,903,914,913,656,760,912,844,879,938,767,679,774,757,27,24,19,22,28,25,28,47,8689,9258,8056,8982,13,22,19,17,405,315,339,9,35,14,22,33,27,17,37,52,152,116,17,28,23,7,37,22,30
"d__Bacteria;p__Verrucomicrobiota",962,1043,880,1118,1329,1261,1219,1289,1069,1020,1517,1289,1093,995,1044,1150,1031,1223,1162,1253,936,1013,1011,994,1452,1314,1217,1232,1114,942,910,815,1293,1204,1186,1135,964,760,884,932,0,1,0,0,0,0,0,0,0,0,0,0,0,0,2,0,0,184,0,0,0,0,0,0,0,0,0,0,0,0,0,2,3,0,0,7,7,5,4,2522,2398,2168,2364,3282,2741,2727,2495,3307,2568,2510,2547,2953,2805,3167,3338,791,1178,1019,1010,2650,2721,2693,3033,2991,2727,2793,1495,1940,1953,2129,2864,2630,2605,2371,1936,1937,2002,1936,246,252,296,239,290,291,241,252,252,871,78,199,291,269,319,305,405,229,293,265,265,308,297,290,321,289,332,347,383,382,241,278,323,140,208,215,225
"d__Bacteria;p__Patescibacteria",287,247,272,268,337,338,337,407,127,83,120,175,255,271,253,284,260,332,240,239,295,276,259,333,358,429,324,328,179,247,217,210,292,352,306,303,130,169,206,158,0,0,0,0,0,0,0,0,0,0,0,0,0,0,0,0,0,0,0,0,0,0,0,0,0,0,0,0,0,0,0,0,0,0,0,0,0,0,0,747,799,896,861,927,966,918,828,285,487,456,259,908,989,910,1026,226,279,266,296,699,819,900,1062,973,745,786,306,376,531,521,914,791,727,692,434,434,350,539,23,16,59,18,78,51,24,31,35,4,0,8,26,41,47,39,6,7,2,42,40,35,20,61,30,28,37,17,128,58,51,46,31,7,31,4,8
"d__Archaea;p__Nanoarchaeota",0,0,0,0,0,0,0,0,0,8,0,0,0,0,0,0,0,0,22,1,0,0,0,0,0,0,0,0,13,13,3,6,0,0,0,0,0,0,0,0,0,0,0,0,0,0,0,0,0,0,0,0,0,0,0,0,0,0,0,0,0,0,0,0,0,0,0,0,0,0,0,0,0,0,0,0,0,0,0,0,2,1,1,16,13,8,6,101,85,210,90,2,3,9,3,158,42,109,102,5,0,2,9,0,8,1,270,103,164,12,11,5,2,1,77,75,89,33,0,0,0,0,2,1,0,0,12,34,151,132,0,0,0,0,0,0,46,0,0,0,1,0,0,0,0,17,115,97,0,0,0,6,2,8,0
"d__Archaea;__",0,0,0,0,0,0,0,0,32,13,52,11,0,0,0,0,0,6,4,27,0,0,0,0,0,0,0,0,2,9,4,9,0,0,0,0,0,0,0,0,0,0,0,0,0,0,0,0,0,0,0,0,0,0,0,0,0,0,0,0,0,0,0,0,0,0,0,0,0,0,0,0,0,0,0,0,0,0,0,0,1,0,1,0,0,0,0,19,228,352,195,0,0,0,0,0,4,13,12,0,0,0,0,0,0,0,17,8,3,19,0,0,2,0,2,0,1,0,0,0,1,0,0,0,0,0,38,11,77,39,0,0,0,0,8,2,68,0,0,0,0,0,0,0,0,1,1,2,0,0,0,1,0,0,0
"d__Bacteria;p__Cyanobacteria",108,115,98,131,127,99,130,114,110,112,13,35,95,98,109,94,73,79,79,81,122,95,112,110,104,125,115,117,29,34,37,29,134,81,127,103,118,112,165,149,0,0,0,0,0,0,0,0,0,0,0,0,0,0,0,0,0,0,0,0,0,0,0,0,0,0,0,0,0,0,0,0,0,0,0,0,0,0,0,116,100,67,75,85,78,89,58,28,5,22,21,159,70,102,127,18,31,27,35,101,82,131,108,74,64,85,31,47,12,22,97,59,64,41,70,72,81,74,78,74,82,81,116,47,80,78,19,26,52,12,77,67,73,86,23,32,56,75,72,101,64,72,79,68,79,58,16,86,78,103,99,62,52,63,109
"d__Bacteria;p__Desulfobacterota",508,506,448,511,603,573,581,570,100,143,275,403,459,441,438,443,491,312,298,324,412,460,431,493,548,568,534,531,102,185,170,141,515,468,486,511,470,445,573,571,0,0,0,0,0,0,0,0,0,0,0,0,0,0,0,0,0,0,0,0,0,0,0,0,0,0,0,0,0,0,0,0,0,0,0,0,0,0,0,33,27,38,75,19,38,55,39,3,78,241,0,39,61,30,49,29,7,0,10,47,42,28,44,62,47,57,20,19,13,30,34,41,31,40,44,41,34,68,149,105,109,126,151,106,146,109,14,375,75,57,126,97,87,99,119,133,131,97,129,91,101,123,120,110,85,63,29,107,86,105,86,138,146,176,96
"d__Bacteria;p__Deferribacterota",62,93,96,86,81,107,67,92,89,6,33,32,79,91,69,75,68,38,14,37,98,78,95,98,73,70,102,90,26,19,10,11,67,48,87,82,39,15,20,49,0,0,0,0,0,0,0,0,0,0,0,0,0,0,0,0,0,0,0,0,0,0,0,0,0,0,0,0,0,0,0,0,0,0,0,0,0,0,0,0,0,0,0,0,0,0,0,0,0,0,0,0,0,0,0,0,0,0,0,0,0,0,0,0,0,0,0,0,0,0,0,0,0,0,0,0,0,0,0,0,0,0,0,0,0,0,0,0,0,0,0,0,0,0,0,0,0,0,0,0,0,0,0,0,0,0,0,0,0,0,0,0,0,0,0
"d__Bacteria;p__Deinococcota",0,0,0,0,0,0,0,0,0,0,0,0,0,0,0,0,0,0,0,0,0,0,0,0,0,0,0,0,0,0,0,0,0,0,0,0,0,0,0,0,13,19,20,12,18,23,19,10,74,0,0,0,10,11,13,29,19,26,1,8,3,11,21,6,20,19,16,20,12,5,65,18,24,30,20,17,34,17,16,23,9,9,4,38,26,21,4,0,0,0,4,12,8,10,17,6,0,0,0,13,11,12,22,11,23,26,7,21,0,3,43,20,18,16,3,20,10,3,0,3,5,7,0,2,0,5,0,0,0,0,2,0,0,0,0,0,0,0,0,0,2,0,0,1,0,0,0,0,0,0,0,0,0,0,14
"d__Bacteria;p__Fusobacteriota",0,0,0,0,0,0,0,0,0,0,0,0,0,0,0,0,0,0,0,0,0,0,0,0,0,0,0,0,0,0,0,0,0,0,0,0,0,0,0,0,4,13,11,4,3,8,10,22,0,5,115,1,8,14,7,7,25,121,2,9,18,9,16,7,17,25,15,0,13,0,0,19,26,24,6,8,27,38,19,0,0,0,0,0,0,0,0,0,0,0,0,0,0,0,0,0,0,0,0,0,0,0,0,0,0,0,0,0,0,0,0,0,0,0,0,0,0,0,13,21,14,11,18,7,7,5,51,19,13,6,17,9,21,22,0,11,37,7,18,7,17,16,18,17,7,0,9,29,10,10,22,39,24,7,9
"d__Archaea;p__Crenarchaeota",0,0,0,0,0,0,0,0,0,0,0,0,0,0,0,0,0,0,0,0,0,0,0,0,0,0,0,0,0,0,0,0,0,0,0,0,0,0,0,0,0,2,0,0,10,4,0,0,19,228,0,0,0,0,0,0,60,20,71,0,0,0,0,2,1,0,6,0,0,13,35,0,0,0,0,0,21,0,5,5435,5306,5324,5049,17515,14731,13978,12571,119468,117762,109305,104532,25,38,28,39,187369,179649,175849,168347,5250,5373,5196,6860,6288,6309,5996,128205,125167,124523,119899,6855,6971,7070,7059,58906,62912,59819,62895,1,0,0,0,0,0,0,0,0,0,0,0,0,0,0,0,87,29,0,0,0,0,0,0,0,1,0,0,0,7,0,0,0,0,0,0,0
"d__Bacteria;p__Campilobacterota",0,0,0,0,0,0,0,0,0,0,0,0,0,0,0,0,0,0,0,0,0,0,0,0,0,0,0,0,0,0,0,0,0,0,0,0,0,0,0,0,44,49,61,44,57,32,40,51,16,5,40,4,82,54,48,35,9,19,52,67,58,63,44,77,54,51,76,38,77,17,29,42,72,35,42,52,47,48,51,0,0,0,0,0,0,0,0,0,0,0,0,0,0,0,0,0,0,0,0,0,0,0,0,0,0,0,0,0,0,0,0,0,0,0,0,0,0,0,6138,6348,6143,6022,5538,5806,5846,5907,3663,4044,3654,4333,5934,6002,6029,6135,5399,5391,5166,6266,6141,6138,6106,6153,6181,6187,6431,6636,6429,7069,6247,6286,6278,7112,7491,7024,7346
"d__Bacteria;p__Dependentiae",0,0,0,0,0,0,0,0,0,0,0,0,0,0,0,0,0,0,0,0,0,0,0,0,0,0,0,0,0,0,0,0,0,0,0,0,0,0,0,0,0,0,0,0,0,0,0,0,0,0,0,0,0,0,0,0,0,0,0,0,0,0,0,0,0,0,0,0,0,0,0,0,0,0,0,0,0,0,0,6,18,7,12,6,14,15,11,0,0,0,5,8,27,19,14,0,0,0,0,2,6,16,4,5,11,3,0,0,7,1,16,10,22,6,15,3,16,8,2,3,7,8,0,3,5,4,0,0,0,2,3,3,2,0,0,0,0,3,1,7,5,0,5,6,0,0,0,0,4,2,9,0,0,12,6
"d__Bacteria;p__Planctomycetota",0,0,0,0,0,0,0,0,0,0,0,0,0,0,0,0,0,0,0,0,0,0,0,0,0,0,0,0,0,0,0,0,0,0,0,0,0,0,0,0,0,0,0,0,0,0,0,0,0,0,0,0,0,0,0,0,0,0,0,0,0,0,0,0,0,0,0,0,0,0,0,0,0,0,0,0,0,0,0,10060,10032,10863,10338,10704,13368,13851,13687,11635,12833,14033,15649,14334,14844,14638,13383,4787,5419,6385,7379,14270,13894,13816,12204,13674,14083,14133,6781,6377,6613,6579,11951,13582,13780,13117,10160,10091,10393,9043,12,9,14,7,6,13,8,9,19,5,2,1,13,2,11,9,2,35,0,8,5,10,22,5,22,16,14,16,0,9,16,5,9,6,1,3,4
"d__Bacteria;p__Myxococcota",0,0,0,0,0,0,0,0,0,0,0,0,0,0,0,0,0,0,0,0,0,0,0,0,0,0,0,0,0,0,0,0,0,0,0,0,0,0,0,0,0,0,0,0,0,0,0,0,0,0,0,0,0,0,0,0,0,0,0,0,0,0,0,0,0,0,0,0,0,0,0,0,0,0,0,0,0,0,0,4943,5617,6329,6673,3959,5101,5852,6737,6490,5939,6276,5096,5800,6170,5849,6143,2490,2568,2314,3044,6103,5852,6205,5435,5573,6377,6290,4662,4512,5129,4710,5199,5761,6395,6768,5389,5444,5155,5394,10,8,21,13,12,4,10,12,0,130,24,5,3,24,17,6,0,58,29,17,8,10,14,19,9,14,7,4,7,46,8,21,9,2,14,17,22
"d__Bacteria;p__Chloroflexi",0,0,0,0,0,0,0,0,0,0,0,0,0,0,0,0,0,0,0,0,0,0,0,0,0,0,0,0,0,0,0,0,0,0,0,0,0,0,0,0,0,0,0,0,0,0,0,0,0,0,0,0,0,0,0,0,0,0,0,0,0,0,0,0,0,0,0,0,0,0,0,0,0,0,0,0,0,0,0,24216,24421,24282,24281,23088,24228,23246,22371,12731,11412,13450,12806,24196,24861,24826,24732,5052,5498,6341,6659,22903,22852,22820,24273,24504,23878,22893,10577,10906,10784,10393,24966,24504,23107,22348,16055,15467,16476,15510,24,38,13,22,25,22,12,19,0,0,31,3,21,30,23,18,0,15,7,20,20,23,16,25,41,32,9,28,42,30,11,24,25,24,28,17,12
"d__Bacteria;p__Gemmatimonadota",0,0,0,0,0,0,0,0,0,0,0,0,0,0,0,0,0,0,0,0,0,0,0,0,0,0,0,0,0,0,0,0,0,0,0,0,0,0,0,0,0,0,0,0,0,0,0,0,0,0,0,0,0,0,0,0,0,0,0,0,0,0,0,0,0,0,0,0,0,0,0,0,0,0,0,0,0,0,0,13927,13540,13014,13423,11990,12479,12687,13123,6572,6234,6306,6874,13384,13981,13409,13342,2555,3506,3783,4422,13551,13323,13423,13124,13157,13150,13480,4521,4603,5004,4931,12774,12952,13228,12747,12292,12513,12607,11960,0,0,0,0,0,0,0,0,0,0,0,0,0,0,0,0,0,0,0,0,0,0,0,0,0,0,0,0,0,0,0,0,0,0,0,0,0
"d__Bacteria;p__Bdellovibrionota",0,0,0,0,0,0,0,0,0,0,0,0,0,0,0,0,0,0,0,0,0,0,0,0,0,0,0,0,0,0,0,0,0,0,0,0,0,0,0,0,0,0,0,0,0,0,0,0,0,0,0,0,0,0,0,0,0,0,0,0,0,0,0,0,0,0,0,0,0,0,0,0,0,0,0,0,0,0,0,749,797,754,810,927,826,697,595,480,627,350,575,800,774,787,818,297,178,193,207,653,727,740,772,767,647,671,193,254,306,219,866,688,711,650,712,717,696,876,119,121,198,128,129,123,134,182,262,121,43,2,161,179,175,151,109,60,131,125,161,165,140,177,165,147,153,161,94,59,145,161,128,180,125,153,141
"d__Bacteria;p__Sumerlaeota",0,0,0,0,0,0,0,0,0,0,0,0,0,0,0,0,0,0,0,0,0,0,0,0,0,0,0,0,0,0,0,0,0,0,0,0,0,0,0,0,0,0,0,0,0,0,0,0,0,0,0,0,0,0,0,0,0,0,0,0,0,0,0,0,0,0,0,0,0,0,0,0,0,0,0,0,0,0,0,101,59,82,120,97,107,73,62,17,40,16,55,58,85,106,45,4,14,15,27,82,48,42,78,71,80,86,109,91,37,82,118,51,83,77,126,93,78,125,0,0,0,0,0,0,0,0,0,0,0,0,0,0,0,0,0,0,0,0,0,0,0,0,0,0,0,0,0,0,0,0,0,0,0,0,0
"d__Bacteria;p__Acidobacteriota",0,0,0,0,0,0,0,0,0,0,0,0,0,0,0,0,0,0,0,0,0,0,0,0,0,0,0,0,0,0,0,0,0,0,0,0,0,0,0,0,0,0,0,0,0,0,0,0,0,0,0,0,0,0,0,0,0,0,0,0,0,0,0,0,0,0,0,0,0,0,0,0,0,0,0,0,0,0,0,18774,18547,18370,18845,20211,18366,17651,17351,9746,10258,8857,9791,18579,18558,18680,18956,4786,5051,4939,5667,17281,17158,17267,20936,19675,18586,18054,10137,12400,12658,12589,20180,18554,18355,18087,13790,13554,13714,13810,19,19,15,18,14,11,23,10,0,22,3,0,11,18,10,9,0,43,8,11,8,17,13,8,18,22,13,18,60,59,25,15,17,9,6,10,17
"d__Bacteria;p__Armatimonadota",0,0,0,0,0,0,0,0,0,0,0,0,0,0,0,0,0,0,0,0,0,0,0,0,0,0,0,0,0,0,0,0,0,0,0,0,0,0,0,0,0,0,0,0,0,0,0,0,0,0,0,0,0,0,0,0,0,0,0,0,0,0,0,0,0,0,0,0,0,0,0,0,0,0,0,0,0,0,0,621,654,767,741,523,549,691,689,519,213,605,140,526,627,673,592,124,297,199,239,576,532,539,687,646,581,582,139,312,215,259,695,650,647,637,610,518,420,511,0,0,0,0,0,0,0,0,0,0,0,0,0,0,0,0,0,0,0,0,0,0,0,0,0,0,0,0,0,0,0,0,0,0,0,0,0
"d__Bacteria;p__WPS-2",0,0,0,0,0,0,0,0,0,0,0,0,0,0,0,0,0,0,0,0,0,0,0,0,0,0,0,0,0,0,0,0,0,0,0,0,0,0,0,0,0,0,0,0,0,0,0,0,0,0,0,0,0,0,0,0,0,0,0,0,0,0,0,0,0,0,0,0,0,0,0,0,0,0,0,0,0,0,0,18,8,6,8,13,13,4,5,0,0,0,0,6,6,8,12,12,11,9,5,9,0,7,11,15,7,19,0,1,0,3,5,18,7,20,14,12,1,21,0,2,4,4,0,1,6,3,0,0,0,0,4,0,3,10,0,0,0,3,3,0,0,0,1,5,1,0,0,0,3,2,0,0,0,6,0
"d__Bacteria;p__Methylomirabilota",0,0,0,0,0,0,0,0,0,0,0,0,0,0,0,0,0,0,0,0,0,0,0,0,0,0,0,0,0,0,0,0,0,0,0,0,0,0,0,0,0,0,0,0,0,0,0,0,0,0,0,0,0,0,0,0,0,0,0,0,0,0,0,0,0,0,0,0,0,0,0,0,0,0,0,0,0,0,0,66,77,77,64,71,79,66,108,73,103,13,45,62,120,120,74,40,17,26,33,80,84,90,59,89,62,85,50,20,40,40,79,89,83,102,80,53,75,69,0,0,0,0,0,0,0,0,0,0,0,0,0,0,0,0,0,0,0,0,0,0,0,0,0,0,0,0,0,0,0,0,0,0,0,0,0
"d__Bacteria;p__Elusimicrobiota",0,0,0,0,0,0,0,0,0,0,0,0,0,0,0,0,0,0,0,0,0,0,0,0,0,0,0,0,0,0,0,0,0,0,0,0,0,0,0,0,0,0,0,0,0,0,0,0,0,0,0,0,0,0,0,0,0,0,0,0,0,0,0,0,0,0,0,0,0,0,0,0,0,0,0,0,0,0,0,99,101,84,121,95,87,85,60,13,28,63,131,74,111,90,97,40,25,6,62,84,69,80,78,98,80,75,117,158,242,150,80,107,86,42,74,45,102,70,5,6,0,4,0,6,0,0,0,0,0,0,1,12,2,8,0,0,7,9,0,0,1,2,3,5,0,0,0,0,1,2,3,0,0,0,1
"d__Bacteria;p__Abditibacteriota",0,0,0,0,0,0,0,0,0,0,0,0,0,0,0,0,0,0,0,0,0,0,0,0,0,0,0,0,0,0,0,0,0,0,0,0,0,0,0,0,0,0,0,0,0,0,0,0,0,0,0,0,0,0,0,0,0,0,0,0,0,0,0,0,0,0,0,0,0,0,0,0,0,0,0,0,0,0,0,41,61,54,56,63,43,45,42,0,30,0,102,27,35,81,56,4,3,17,3,25,49,24,36,36,38,39,27,16,8,48,37,23,34,40,15,10,31,10,0,0,0,0,0,0,0,0,0,0,0,0,0,0,0,0,0,0,0,0,0,0,0,0,0,0,0,0,0,0,0,0,0,0,0,0,0
"d__Bacteria;p__Entotheonellaeota",0,0,0,0,0,0,0,0,0,0,0,0,0,0,0,0,0,0,0,0,0,0,0,0,0,0,0,0,0,0,0,0,0,0,0,0,0,0,0,0,0,0,0,0,0,0,0,0,0,0,0,0,0,0,0,0,0,0,0,0,0,0,0,0,0,0,0,0,0,0,0,0,0,0,0,0,0,0,0,427,416,357,426,534,471,496,441,783,349,620,732,485,494,521,603,248,160,223,305,457,513,509,480,457,503,495,217,282,249,319,501,512,456,400,461,397,416,508,0,0,0,0,0,0,0,0,0,0,0,0,0,0,0,0,0,0,0,0,0,0,0,0,0,0,0,0,0,0,0,0,0,0,0,0,0
"d__Bacteria;p__RCP2-54",0,0,0,0,0,0,0,0,0,0,0,0,0,0,0,0,0,0,0,0,0,0,0,0,0,0,0,0,0,0,0,0,0,0,0,0,0,0,0,0,0,0,0,0,0,0,0,0,0,0,0,0,0,0,0,0,0,0,0,0,0,0,0,0,0,0,0,0,0,0,0,0,0,0,0,0,0,0,0,30,21,23,21,17,16,33,27,169,14,0,0,38,28,38,38,5,17,3,20,16,12,38,29,26,18,19,7,0,0,23,18,28,29,27,17,16,15,14,0,0,0,0,0,0,0,0,0,0,0,0,0,0,0,0,0,0,0,0,0,0,0,0,0,0,0,0,0,0,0,0,0,0,0,0,0
"d__Bacteria;p__SAR324_clade(Marine_group_B)",0,0,0,0,0,0,0,0,0,0,0,0,0,0,0,0,0,0,0,0,0,0,0,0,0,0,0,0,0,0,0,0,0,0,0,0,0,0,0,0,0,0,0,0,0,0,0,0,0,0,0,0,0,0,0,0,0,0,0,0,0,0,0,0,0,0,0,0,0,0,0,0,0,0,0,0,0,0,0,20,43,20,20,21,15,27,12,25,0,3,2,27,16,29,25,0,0,16,0,13,9,17,13,24,30,20,0,17,7,15,20,31,49,23,20,18,29,21,0,0,0,0,0,0,0,0,0,0,0,0,0,0,0,0,0,0,0,0,0,0,0,0,0,0,0,0,0,0,0,0,0,0,0,0,0
"d__Archaea;p__Thermoplasmatota",0,0,0,0,0,0,0,0,0,0,0,0,0,0,0,0,0,0,0,0,0,0,0,0,0,0,0,0,0,0,0,0,0,0,0,0,0,0,0,0,0,0,0,0,0,0,0,0,0,0,0,0,0,0,0,0,0,0,0,0,0,0,0,0,0,0,0,0,0,0,0,0,0,0,0,0,0,0,0,1,4,0,3,1,0,4,0,179,99,572,145,3,0,0,0,6,42,80,156,2,0,0,0,0,0,0,44,34,64,9,0,0,1,3,2,20,1,49,0,0,1,2,0,1,0,3,223,0,0,0,0,0,0,1,0,0,0,0,0,0,0,0,0,0,0,32,38,42,0,0,1,10,33,19,9
"d__Bacteria;p__Nitrospirota",0,0,0,0,0,0,0,0,0,0,0,0,0,0,0,0,0,0,0,0,0,0,0,0,0,0,0,0,0,0,0,0,0,0,0,0,0,0,0,0,0,0,0,0,0,0,0,0,0,0,0,0,0,0,0,0,0,0,0,0,0,0,0,0,0,0,0,0,0,0,0,0,0,0,0,0,0,0,0,311,336,321,326,368,258,295,269,72,108,235,16,293,296,265,330,81,75,50,116,330,290,330,395,321,264,301,51,37,43,56,313,264,279,277,130,171,187,169,0,4,0,1,4,0,1,4,0,2,0,0,0,0,0,1,0,0,0,0,1,4,2,0,0,7,0,6,0,0,5,9,7,0,0,3,0
"d__Bacteria;p__Latescibacterota",0,0,0,0,0,0,0,0,0,0,0,0,0,0,0,0,0,0,0,0,0,0,0,0,0,0,0,0,0,0,0,0,0,0,0,0,0,0,0,0,0,0,0,0,0,0,0,0,0,0,0,0,0,0,0,0,0,0,0,0,0,0,0,0,0,0,0,0,0,0,0,0,0,0,0,0,0,0,0,44,26,25,39,40,32,32,27,6,5,0,0,55,28,28,34,3,3,0,9,34,54,38,43,13,37,36,19,20,26,10,48,31,26,20,37,44,58,39,0,0,0,0,0,0,0,0,0,0,0,0,0,0,0,0,0,0,0,0,0,0,0,0,0,0,0,0,0,0,0,0,0,0,0,0,0
"d__Bacteria;p__WS2",0,0,0,0,0,0,0,0,0,0,0,0,0,0,0,0,0,0,0,0,0,0,0,0,0,0,0,0,0,0,0,0,0,0,0,0,0,0,0,0,0,0,0,0,0,0,0,0,0,0,0,0,0,0,0,0,0,0,0,0,0,0,0,0,0,0,0,0,0,0,0,0,0,0,0,0,0,0,0,8,8,1,8,12,7,0,5,3,0,3,6,6,5,2,7,0,0,0,0,8,9,3,0,5,2,2,0,0,0,0,2,9,0,0,0,0,7,0,0,0,0,0,0,0,0,0,0,0,0,0,0,0,0,0,0,0,0,0,0,0,0,0,0,0,0,0,0,0,0,0,0,0,0,0,0
"d__Bacteria;p__Fibrobacterota",0,0,0,0,0,0,0,0,0,0,0,0,0,0,0,0,0,0,0,0,0,0,0,0,0,0,0,0,0,0,0,0,0,0,0,0,0,0,0,0,0,0,0,0,0,0,0,0,0,0,0,0,0,0,0,0,0,0,0,0,0,0,0,0,0,0,0,0,0,0,0,0,0,0,0,0,0,0,0,112,83,106,91,78,71,72,57,7,85,43,111,71,112,94,156,23,16,15,11,110,87,94,112,89,111,100,11,5,5,8,57,119,88,66,78,86,61,95,2,7,9,2,2,17,12,12,17,1,0,0,8,23,9,11,25,29,0,3,12,3,4,1,7,9,8,0,0,0,7,8,7,1,15,7,13
"d__Bacteria;p__Spirochaetota",0,0,0,0,0,0,0,0,0,0,0,0,0,0,0,0,0,0,0,0,0,0,0,0,0,0,0,0,0,0,0,0,0,0,0,0,0,0,0,0,0,0,0,0,0,0,0,0,0,0,0,0,0,0,0,0,0,0,0,0,0,0,0,0,0,0,0,0,0,0,0,0,0,0,0,0,0,0,0,0,0,0,0,0,0,0,0,0,0,0,0,0,0,0,0,0,0,0,0,0,0,0,0,0,0,0,0,0,0,0,0,0,0,0,0,0,0,0,36,42,27,44,48,72,59,53,2,1,14,6,49,64,59,51,31,2,21,72,37,38,61,39,68,50,72,44,73,82,57,59,46,13,31,60,46
"d__Archaea;p__Halobacterota",0,0,0,0,0,0,0,0,0,0,0,0,0,0,0,0,0,0,0,0,0,0,0,0,0,0,0,0,0,0,0,0,0,0,0,0,0,0,0,0,0,0,0,0,0,0,0,0,0,0,0,0,0,0,0,0,0,0,0,0,0,0,0,0,0,0,0,0,0,0,0,0,0,0,0,0,0,0,0,0,0,0,0,0,0,0,0,0,0,0,0,0,0,0,0,0,0,0,0,0,0,0,0,0,0,0,0,0,0,0,0,0,0,0,0,0,0,0,0,0,0,0,0,0,0,0,70,81,0,2,0,0,0,0,107,7,6,0,0,0,0,0,0,0,0,5,13,0,0,0,0,1,0,0,1
"d__Archaea;p__Euryarchaeota",0,0,0,0,0,0,0,0,0,0,0,0,0,0,0,0,0,0,0,0,0,0,0,0,0,0,0,0,0,0,0,0,0,0,0,0,0,0,0,0,0,0,0,0,0,0,0,0,0,0,0,0,0,0,0,0,0,0,0,0,0,0,0,0,0,0,0,0,0,0,0,0,0,0,0,0,0,0,0,0,0,0,0,0,0,0,0,0,0,0,0,0,0,0,0,0,0,0,0,0,0,0,0,0,0,0,0,0,0,0,0,0,0,0,0,0,0,0,0,1,2,1,20,6,8,14,223,150,171,122,4,4,1,0,474,534,406,0,5,1,0,3,5,3,6,462,444,589,5,5,4,120,101,82,67
